DEFECTID,CLASSNUMBER,a_6_FINEBINNUMBER,g_6_SIZE_DW1O,g_6_SIZE_DW2O,i_6_SIZE_DNO,i_6_SIZE_DW1O,i_6_SIZE_DW2O,j_6_SIZE_DNO,j_6_SIZE_DW1O,j_6_SIZE_DW2O,k_6_SIZE_DW1O,k_6_SIZE_DW2O,ClassNum,Flag_ReviewSample,RoughBin,Confidence,RBBLabel
8704,2,20,0.1939,0.1974,0.7633,0.2384,0.3651,0.297,0.3284,0.8131,0.7486,0.1672,2,1,1,0,3
9252,2,0,0.1126,0.1553,0.744,0.1896,0.2557,0.3053,0.3818,0.4786,0.5966,0.1752,2,1,1,0,1
9643,3,90,0.1867,0.1586,1.1842,0.2383,0.3331,0.2407,0.183,0.6519,0.2684,0.23,3,1,3,0,2
9696,10,90,0.0876,0,0.4651,0.1077,0.2315,0,0.2166,0.3508,0.3592,0.1555,10,1,2,0,3
9984,3,90,0.1538,0.1544,1.0065,0.1798,0.6213,0.2459,0.3757,0.8258,0.6505,0.2257,3,1,3,0,3
10372,2,90,0.096,0.1504,0.6689,0.156,0.216,0.1575,0.1949,0.2537,0.3014,0,2,1,1,0,3
10410,10,0,0.1416,0.1491,0.6091,0.2317,0.4292,0.2098,0.2792,0.4121,0.7916,0.2007,10,1,2,0,2
10567,3,90,0.1251,0,0.7476,0.1576,1.1277,0.2265,0.2297,0.4827,1.0296,0.2104,3,1,3,0,2
10983,2,0,0.1372,0.1613,1.5003,0.1926,0.2668,0.3493,0.4674,0.6763,0.744,0.1604,2,1,1,0,1
11523,3,0,0.1466,0.1474,0.8698,0.1874,0.3171,0.2431,0.2583,0.454,0.4008,0.1738,3,1,3,0,3
11543,2,1,0.1158,0.1503,0.7427,0.2087,0.2296,0.2222,0.2832,0.3912,0.4598,0,2,1,1,0,1
11673,2,0,0.1559,0.1597,1.1333,0.225,0.373,0.23,0.4699,0.8864,0.7186,0.2128,2,1,1,0,1
11761,70,0,0.094,0,1.0166,0.1822,0.2437,0.2888,0.5596,0.3571,0.8957,0.1348,70,1,1,0,1
12513,2,0,0.1222,0,1.4261,0.1483,0.313,0.2787,0.3309,0.5402,0.5502,0.1999,2,1,1,0,1
12708,10,0,0.0811,0,0.2838,0.1018,0.1822,0,0.1453,0.2202,0.2001,0,10,1,2,0,2
13808,3,20,0.1426,0.1416,1.1711,0.1219,0.3964,0.1997,0.3347,0.8171,0.6821,0.2444,3,1,3,0,3
14684,3,0,0.1434,0.1409,1.0315,0.1732,0.3382,0.2065,0.2894,0.5778,0.5737,0.1713,3,1,3,0,3
15249,3,20,0.0839,0,0.3203,0.1252,0.2185,0,0.174,0.2549,0.2316,0.1353,3,1,3,0,3
15371,10,20,0.112,0,0.8571,0.1417,0.2766,0.1935,0.2452,0.4522,0.4494,0.2093,10,1,2,0,2
16107,2,20,0.3141,0.2745,4.7957,0.6648,1.1598,1.1621,1.2612,2.0608,1.9042,0.2131,2,1,1,0,1
16140,2,1,0.1391,0.1406,2.119,0.1515,0.2352,0.2365,0.2886,0.4142,0.513,0.1471,2,1,1,0,1
16419,10,0,0.0832,0,0.2543,0.095,0.192,0,0.1245,0.2144,0.18,0,10,1,2,0,2
17019,3,20,0.1563,0,1.5369,0.1868,0.5542,0.2457,0.4989,0.9473,0.7377,0.218,3,1,3,0,3
18725,10,20,0.1166,0,0.4899,0.1546,0.2803,0.1402,0.2009,0,0.3296,0.1892,10,1,2,0,2
19738,3,90,0.0942,0,0.2863,0.1423,0.223,0,0.1607,0.2336,0.2217,0,3,1,3,0,2
19980,10,90,0.0895,0,0.7601,0.1505,0.2427,0.1724,0.228,0.3504,0.4045,0.1543,10,1,2,0,3
20373,10,0,0.1849,0.1764,0.4099,0.2002,0.4647,0.3225,0.3413,0.8874,0.5754,0.3661,10,1,2,0,2
20734,10,0,0.1289,0,0.4101,0.1611,0.6474,0.1682,0.2147,0.4275,0.4039,0.2136,10,1,2,0,2
20820,10,20,0.1396,0.1401,0.3521,0.1611,0.3562,0.1615,0.2062,0.443,0.8445,0.2116,10,1,2,0,2
22344,10,0,0.1076,0,0.498,0.1715,0.2533,0.1389,0.2076,0.2873,0.2904,0.1594,10,1,2,0,2
23392,10,0,0.1278,0,0.4657,0.1365,0.2803,0.1413,0.2025,0.3799,0.3062,0.2066,10,1,2,0,2
23759,10,1,0.1501,0,0.4816,0.1668,1.2128,0.2145,0.2121,0.4306,0.7142,0.2077,10,1,2,0,2
24754,2,10,0,0,0.2461,0.0901,0.1573,0,0.1418,0.1964,0.1835,0,2,1,1,0,2
25136,3,1,0.0977,0,2.115,0.1416,0.2293,0.2479,0.2212,0.3153,0.3639,0.1418,3,1,3,0,3
25871,10,0,0.0898,0,0.2651,0.0998,0.2099,0,0.1509,0.2424,0.2078,0.1506,10,1,2,0,2
26722,10,20,0.1249,0.141,0.4062,0.1723,0.4805,0.1526,0.2182,0.3364,2.3573,0.1918,10,1,2,0,2
27311,75,0,0.0991,0.2,1.1638,0.1063,0.1752,0.5149,0.345,0.4776,0.6527,0,75,1,1,0,1
27601,3,90,0.1316,0.1514,0.6579,0.1799,0.3064,0.1768,0.2447,0.4035,0.573,0.1567,3,1,3,0,3
29914,2,0,0.101,0,0.7943,0.1729,0.2044,0,0.2405,0,0.4346,0.1641,2,1,1,0,1
30040,70,1,0.1003,0,0.8788,0.1753,0.2765,0.3106,0.2944,0.5254,0.6095,0.1797,70,1,1,0,1
30101,2,1,0.1494,0,0,0.3211,0.2569,0.243,0.2625,0,0,0,2,1,1,0,1
32637,3,90,0.0933,0,0.6839,0.1558,0.23,0.2418,0.2085,0.2913,0.4603,0,3,1,3,0,3
33430,3,20,0.099,0.152,200000,0.3278,1.1388,0.2066,0.4486,0,0,0,3,1,3,0,3
33484,10,0,0.1054,0,0.9146,0.1587,0.2341,0.2797,0.2777,0.3567,0.6558,0.1755,10,1,2,0,1
34012,3,20,0.1727,0.1715,1.2607,0.2161,0.5845,0.3001,0.5239,0.9105,0.6522,0.2354,3,1,3,0,3
34394,2,20,0.1304,0,0.4025,0.1574,0.2955,0.2556,0.3697,0.4263,0.304,0.2391,2,1,1,0,1
34424,2,1,0.1417,0,0.8733,0.212,0.5969,0.2074,0.7394,0.6279,1.4128,0.2487,2,1,1,0,1
34663,10,20,0.0985,0,0,0.152,0.2565,0.1513,0.1733,0.2692,0.2261,0.1843,10,1,2,0,2
35339,70,90,0.0825,0.1734,0,0.2158,0.1203,0.2322,1.0123,1.1229,200000,0.2583,70,1,1,0,1
35871,3,20,0.1239,0.1519,1.8177,0.1612,0.2814,0.2487,0.2688,0.4241,0.5753,0.1484,3,1,3,0,3
35942,2,0,0.174,0.1631,1.6914,0.2077,0.2781,0.2158,0.4448,0.4934,0.6376,0.1364,2,1,1,0,1
36419,10,90,0.1275,0.1452,0.602,0.1095,0.2646,0.2418,0.2177,0.3904,0.6318,0.2052,10,1,2,0,2
36616,10,0,0.1037,0,0.3554,0.1478,0.2506,0.2246,0.2471,0.4924,0.6169,0.2187,10,1,2,0,1
36653,3,20,0.2167,0.1858,5.5861,0.3181,0.9609,0.6931,0.6262,1.6003,1.4035,0.2413,3,1,3,0,3
37184,2,0,0.14,0.1641,3.2181,0.2506,0.5854,0.4015,0.6385,1.3612,1.0713,0.232,2,1,1,0,1
37602,10,0,0.0849,0.1581,0.2206,0.1051,0.1985,0,0.1331,0.207,0,0,10,1,2,0,2
38573,2,90,0.113,0,0.7865,0.1635,0.2273,0.198,0.2327,0.3403,0.3614,0,2,1,1,0,1
38581,10,90,0,0,0.5326,0.1518,0.2361,0,0.2182,0.2871,0.2822,0,10,1,2,0,2
38853,2,0,0.1412,0,0.8202,0.1603,0.278,0.2081,0.2791,0.6275,0.5309,0.1911,2,1,1,0,1
38907,10,0,0.0884,0,0.2903,0.1052,0.208,0,0.1547,0.2322,0.2164,0,10,1,2,0,2
39514,2,90,0.106,0.1485,0.979,0.1651,0.2315,0.2186,0.2911,0.4125,0.43,0.1535,2,1,1,0,1
40983,10,0,0.0986,0,0.3912,0.2288,0.8734,0.2273,0.2225,0.9339,0.8072,0.3611,10,1,2,0,2
41036,10,90,0.0907,0,0.489,0.1245,0.2122,0,0.1916,0.273,0.2474,0,10,1,2,0,2
41157,3,0,0.1044,0.1431,200000,0.1718,2.203,0.2609,0.4009,0.6576,200000,0.1902,3,1,3,0,3
41414,75,0,0.1922,0.183,1.126,0.2394,0.4513,0,0.6873,0.6169,0.8984,0,75,1,1,0,1
41828,2,0,0.1265,0.2029,1.6668,0.3246,0.2597,0.2838,0.9543,0.5045,1.6609,0.1496,2,1,1,0,1
41986,3,0,0.15,0.1535,1.0171,0.2082,0.4374,0.2061,0.3711,0.8874,0.6815,0.1705,3,1,3,0,3
42506,10,0,0.1416,0,0.8826,0.1693,0.4143,0.1706,0.2565,0.5212,0.8959,0.2025,10,1,2,0,3
43134,3,0,0.1055,0,0.7864,0.2004,0.3927,0.2317,0.3072,0.9247,0.6666,0.2591,3,1,3,0,3
43850,10,0,0.1091,0,0.3088,0.1579,0.2632,0.1528,0.1972,0.3104,0.3073,0.1645,10,1,2,0,2
44527,10,0,0.1175,0,0.3472,0.1168,0.3935,0,0.162,0.3225,0.2428,0.1958,10,1,2,0,2
45826,2,1,0,0,0.5785,0.1084,0.1759,0.17,0.2108,0.2756,0.4915,0,2,1,1,0,1
47057,10,0,0,0,0,0,0.1452,0,0.1068,0.1863,0.1555,0,10,1,2,0,2
47387,10,90,0.0926,0,0.2675,0.133,0.2636,0.1999,0.1992,0.31,0.2632,0.1722,10,1,2,0,2
48272,10,0,0.1255,0,0.3258,0.2054,0.584,0.136,0.2786,0.7758,0.4422,0.2557,10,1,2,0,2
48813,10,0,0.1962,0.1943,0.7448,0.2673,1.0518,0.2657,0.4308,1.1196,0.7423,0.5645,10,1,2,0,2
49031,2,0,0.1773,0.1612,0.6676,0.2591,0.5598,0.2543,0.4523,0.7028,0.6257,0.2187,2,1,1,0,3
49652,10,0,0.2151,0.1599,0.391,0.1839,0.4143,0.192,0.2282,0.7512,0.551,0.2534,10,1,2,0,2
49772,10,0,0.0929,0,0.2952,0.1491,0.2484,0,0.1753,0.2789,0.2491,0.1654,10,1,2,0,2
50291,3,20,0.1425,0.143,0.4905,0.3941,0.3945,0,0.3492,0.6911,0.6113,0.1624,3,1,3,0,3
50408,3,0,0.1109,0,1.0174,0.1849,0.2917,0.262,0.2764,0.6085,0.257,0.1842,3,1,3,0,3
51049,2,20,0.1051,0,1.1129,0.1756,0.2428,0.2058,0.2679,0.4345,0.5847,0.1509,2,1,1,0,1
51075,3,15,0,0,1.0857,0,0.6516,0.3054,0.3912,1.0214,0.6964,0.1846,3,1,3,0,3
53146,3,10,0.1002,0,0.4839,0.131,0.2548,0,0.2218,0.3891,0,0,3,1,3,0,2
53847,3,0,0.1227,0.1503,1.471,0.6789,1.0043,0.1711,0.3423,0.6416,0.7316,0.1748,3,1,3,0,3
54535,10,90,0.0977,0,0.2618,0.1039,0.2159,0,0.1534,0.246,0.2199,0.132,10,1,2,0,3
54684,3,90,0,0,0.603,0.1102,0.1829,0,0.1672,0.2285,0.2036,0,3,1,3,0,3
55557,10,0,0.0961,0,0,0.0974,0.2175,0,0.1551,0.2556,0.2142,0.1624,10,1,2,0,2
55766,3,1,0.1274,0,0.9403,0.1679,0.3007,0.1766,0.2214,0.3984,0.438,0.172,3,1,3,0,3
56654,10,20,0.1106,0,0.4004,0.1506,0.2957,0.1638,0.1947,0.3704,0.6771,0.2029,10,1,2,0,2
56959,10,0,0.1034,0,0.3254,0.1445,0.2454,0,0.1731,0.2678,0.2268,0.1695,10,1,2,0,2
57804,10,0,0.1432,0.1406,0.5046,0.2038,0.2846,0,0.235,0.403,0.473,0.2006,10,1,2,0,2
57870,10,20,0.117,0,0.5454,0.1603,0.2937,0.1671,0.2178,0.3927,0.6336,0.1897,10,1,2,0,2
58093,10,0,0.0818,0,0,0,0.1645,0,0.1242,0.2003,0.1633,0,10,1,2,0,2
59505,3,1,0.0965,0.1402,2.6603,0.1426,0.4341,0.226,0.3438,0.5435,0.6859,0.1367,3,1,3,0,3
59617,3,90,0.1135,0,0.8923,0.1788,0.2863,0,0.146,0.2871,0.2712,0,3,1,3,0,3
59630,3,1,0.1256,0,1.0407,0.1879,0.3748,0.2257,0.2985,1.271,0.349,0.2109,3,1,3,0,3
59897,3,20,0.1902,0.179,3.7518,0.2982,0.9006,0.3647,0.6756,1.3485,1.1418,0.2373,3,1,3,0,3
60454,10,0,0.0928,0,0.272,0.147,0.2108,0,0.1924,0.2568,0.2419,0.1508,10,1,2,0,2
60468,10,0,0.1324,0,2.5691,0.4745,0.4797,0.2284,0.2445,0.6978,0.4184,0.2427,10,1,2,0,2
60832,3,20,0.1527,0.165,0.9317,0.1807,0.823,0.1813,0.2249,0.3909,0.4704,0.1771,3,1,3,0,3
60933,10,0,0.1421,0,0.3544,0.1533,0.3537,0.2653,0.2199,0.4567,0.3144,0.2579,10,1,2,0,2
61109,2,0,0.1221,0.1521,0.8274,0.1526,0.2119,0.2041,0.2353,0.3258,0.2874,0,2,1,1,0,1
62194,10,90,0.1282,0,0.5065,0.1372,0.2357,0.1363,0.154,0,0.3985,0,10,1,2,0,2
63065,3,0,0.13,0,0.3202,0.1675,0.2599,0.1699,0.2071,0.3153,1.6315,0.1579,3,1,3,0,3
63135,75,20,0,0,0,0,0.1497,0,0,0.1516,0.1082,0,75,1,1,0,2
63857,2,90,0.1753,0.168,1.5383,0.2172,0.3721,0.2224,0.2918,0.4821,0.7254,0.1706,2,1,1,0,3
63992,3,20,0.1459,0.1543,0.4674,0.1716,0.2887,0.2947,0.2365,0.3904,0.4142,0.1991,3,1,3,0,2
64768,2,0,0.0883,0,0.7795,0.1279,0.1875,0.1486,0.3758,0.4957,0.6074,0.1466,2,1,1,0,1
64781,10,20,0.1033,0,0.5365,0.1536,0.2918,0.1413,0.2174,0.355,0.3225,0.1709,10,1,2,0,2
65475,2,0,0.1228,0.1498,0.4699,0.1747,0.2387,0.2041,0.2562,0.3598,0.421,0.1338,2,1,1,0,1
65750,10,0,0.0885,0,0.4373,0.1218,0.2399,0,0.1965,0.315,0.2719,0.1759,10,1,2,0,2
66313,2,1,0.1238,0,1.7426,0.1775,0.3719,0.1976,0.5332,1.9396,0.8352,0.2046,2,1,1,0,1
66332,70,1,0.1632,0.1685,2.495,0.2354,0.4139,0.2861,0.633,1.2866,1.0639,0.2184,70,1,1,0,1
66464,2,1,0.103,0.1579,1.1611,0.16,0.219,0.1946,0.2508,0.356,0.521,0,2,1,1,0,1
67013,10,0,0,0,0,0,0.1519,0,0.1024,0.1745,0.1452,0,10,1,2,0,2
70802,75,90,0.0814,0.1451,0.3385,0.1262,0.1908,0,0.1796,0.2344,0.2394,0,75,1,1,0,2
71906,10,90,0.1144,0,0.3706,0.127,0.2359,0.1863,0.2118,0.3679,0.3718,0.1594,10,1,2,0,3
73754,3,0,0.088,0,1.3445,0.1119,0.2348,0.1347,0.1998,0.3187,0.3249,0.1842,3,1,3,0,2
73897,75,90,0.1379,0.1541,0.7815,0.1588,0.2854,0.1615,0.3497,0.4393,0.5293,0.2048,75,1,1,0,1
75625,10,0,0.0915,0,0.1624,0.0948,0.2019,0,0.1153,0.2189,0.1723,0.1467,10,1,2,0,2
76279,10,0,0,0,0.1726,0,0.1535,0,0.144,0.2137,0.187,0,10,1,2,0,2
76614,10,20,0.0819,0,0.2314,0.0999,0.1757,0.1767,0.1495,0.2104,0.1921,0,10,1,2,0,2
77149,10,0,0.0973,0.163,0.2615,0.1166,0.1888,0,0.1522,0.2151,0.2052,0,10,1,2,0,2
77994,10,0,0.094,0,0.228,0.1505,0.3272,0,0.1881,0.2855,0.2383,0.2065,10,1,2,0,2
78016,10,1,0.0976,0,0.9261,0.1739,0.2707,0.1836,0.2342,0.4265,0.4165,0.2072,10,1,2,0,2
79666,10,0,0.1093,0,0.2908,0.1493,0.3062,0,0.1838,0.3507,0.2925,0.2091,10,1,2,0,2
85348,10,0,0.0977,0,0.3101,0.1626,0.4411,0.1949,0.2023,0.3796,0.2976,0.2171,10,1,2,0,2
85438,10,0,0,0,0.2115,0.0909,0.1755,0,0.1187,0.1967,0.1747,0,10,1,2,0,2
86633,10,0,0.1413,0,0.5209,0.151,0.366,0.2311,0.2182,0.4474,0.3455,0.2233,10,1,2,0,2
86669,2,0,0.1403,0.1874,3.797,0.2188,0.2977,0.3946,0.6765,1.3293,1.0171,0.2064,2,1,1,0,1
87918,75,90,0.088,0.1528,0.4225,0.1442,0.2089,0,0.1903,0.2596,0.2338,0.1434,75,1,1,0,2
88209,10,0,0.097,0,0.3981,0.1686,0.2976,0.1992,0.2056,0.3583,0.3151,0.203,10,1,2,0,2
91008,10,0,0.0963,0,0.624,0.176,0.2634,0.2152,0.1808,0.4054,0.2411,0.2644,10,1,2,0,2
91625,10,0,0.0834,0,0.261,0.0956,0.1824,0,0.1346,0.2135,0.1867,0,10,1,2,0,2
91790,10,0,0.1811,0.1506,0.3681,0.1902,0.4889,0.2897,0.2795,0.6731,0.5293,0.2815,10,1,2,0,2
93605,10,90,0.0987,0,0.4942,0.1554,0.2395,0.1853,0.2097,0.3116,0.2623,0.1716,10,1,2,0,2
93606,10,20,0,0,0.2896,0.1042,0.1778,0,0.1624,0.2222,0.2068,0,10,1,2,0,2
94041,10,90,0,0,0.2158,0,0.1999,0,0.1156,0.2229,0.18,0.1316,10,1,2,0,2
94228,10,0,0.0897,0,0.2121,0.0951,0.1811,0.1305,0.1329,0.2172,0.1857,0,10,1,2,0,2
94348,10,0,0.09,0,0.3967,0.1265,0.2144,0.1318,0.2009,0.2852,0.2829,0.1765,10,1,2,0,2
96450,10,0,0.0914,0,0.2888,0.1097,0.204,0,0.1652,0.2453,0.213,0,10,1,2,0,2
101151,10,0,0.1136,0,0.272,0.1387,0.2446,0,0.1728,0.2812,0.2282,0.1891,10,1,2,0,2
101795,2,0,0.1563,0,0.762,0.1638,0.1261,0.2671,0.2415,0.4381,0.3256,0.257,2,1,1,0,1
101856,2,0,0.135,0.1524,2.1773,0.1804,0.2418,0.294,0.5245,0.5817,0.749,0,2,1,1,0,1
102792,10,0,0.0958,0,0.5659,0.1571,0.3064,0,0.2063,0.3995,0.3277,0.2027,10,1,2,0,2
103005,10,0,0.1245,0,2.7621,0.175,0.2785,0.1993,0.2572,0.45,0.4927,0.1962,10,1,2,0,2
103484,10,10,0.0979,0,0.3703,0.1491,0.3013,0.1699,0.2032,0.3636,0,0.194,10,1,2,0,2
103590,10,0,0.0983,0,0.5839,0.1418,0.2829,0.1878,0.2078,0.3886,0.3929,0.1984,10,1,2,0,2
103701,10,0,0.1478,0,0.9351,0.1881,0.7799,0.2145,0.3153,0.9281,0.5514,0.2548,10,1,2,0,3
103759,10,90,0.1297,0.1638,0.4571,0.2492,0.5909,0.2454,0.2943,0.5035,0.5863,0.2141,10,1,2,0,2
103901,10,0,0,0,0.2044,0,0.167,0,0.1018,0.1818,0.1703,0,10,1,2,0,2
103938,10,20,0.0862,0,0.4242,0.1145,0.1957,0.143,0.1786,0.2505,0.2312,0,10,1,2,0,2
103969,10,90,0.1131,0,0.7977,0.153,0.3491,0.2053,0.2991,0.5365,0.5338,0.2481,10,1,2,0,2
105328,10,0,0.083,0,0,0,0.1562,0,0.1013,0.1816,0.148,0,10,1,2,0,2
105750,10,0,0.0879,0,0.274,0.1312,0.2409,0,0.1743,0.2702,0.246,0.1933,10,1,2,0,2
107537,10,0,0.0989,0,0.3985,0.121,0.2404,0,0.1767,0.2863,0.2289,0.1573,10,1,2,0,2
107728,75,90,0.108,0,0.278,0.1553,0.2071,0,0.1929,0.247,0.2339,0,75,1,1,0,2
109572,10,0,0.1054,0.1452,0.3555,0.118,0.3001,0,0.1721,0.2798,0.2448,0.2,10,1,2,0,2
112063,10,0,0.1374,0,0.9637,0.153,0.3346,0.2342,0.2624,0.5616,0.5823,0.2446,10,1,2,0,2
113216,10,0,0.0975,0,0,0.1332,0.2414,0,0.1689,0.2665,0.2,0.2188,10,1,2,0,2
114417,10,20,0,0,0.1638,0,0.1552,0,0.1261,0.2051,0.1731,0,10,1,2,0,2
114976,10,0,0.0863,0,0.2187,0.0919,0.2051,0,0.1256,0.2301,0.1885,0,10,1,2,0,2
115386,70,20,0,0,0.4239,0.098,0.1657,0,0.1206,0.1859,0.1637,0,70,1,1,0,2
116339,10,0,0.0982,0,0.2922,0.1592,0.2308,0.17,0.2237,0.2957,0.2877,0.1729,10,1,2,0,2
117140,10,0,0,0,0.2199,0,0.1724,0,0.1108,0.2061,0.1733,0,10,1,2,0,2
117292,10,0,0.0922,0,0.2208,0.0959,0.1993,0,0.1366,0.2254,0.1745,0.1587,10,1,2,0,2
117592,10,0,0,0,0.1764,0,0.1609,0,0.1239,0.2013,0.178,0,10,1,2,0,2
118163,10,0,0,0,0,0,0.1587,0.1421,0.1025,0.1767,0.1525,0,10,1,2,0,2
118739,10,0,0.105,0,0.3096,0.1268,0.289,0.1595,0.2136,0.352,0.2832,0.1819,10,1,2,0,2
118804,75,0,0.0854,0.1898,0,0.1449,0.203,0.2318,0.227,0.3191,0.2887,0.1318,75,1,1,0,1
119256,10,0,0.0838,0,0.2204,0,0.2073,0,0.1192,0.2387,0.183,0.1448,10,1,2,0,2
119463,10,0,0.0861,0,0.2609,0.107,0.2002,0,0.162,0.227,0.1915,0.1531,10,1,2,0,2
119673,75,0,0.0933,0,0.9121,0.1412,0.193,0,0.1999,0.3645,0.2422,0,75,1,1,0,1
121116,10,0,0.1567,0,0.5079,0.1739,0.3882,0,0.2089,0.4018,0.46,0.2175,10,1,2,0,2
122688,75,0,0.0868,0.1666,0,0.1563,0.2088,0.2596,0.6377,0.7795,1.2132,0,75,1,1,0,1
122861,10,0,0.1064,0,1.0593,0.1749,0.5354,0.2293,0.2374,0.7439,0.4864,0.3279,10,1,2,0,2
124434,10,0,0,0,0,0,0.1574,0,0.1012,0.1717,0.1466,0,10,1,2,0,2
124651,10,0,0.1091,0,0.4847,0.1237,0.2408,0,0.1839,0.2921,0.2735,0.1671,10,1,2,0,2
124837,3,20,0.1452,0.1772,0.5674,0.2143,0.2768,0,0.2478,0.3455,0.3854,0.1526,3,1,3,0,3
125833,10,20,0,0,0.1802,0.103,0.1832,0.1548,0.16,0.2172,0.2048,0.1496,10,1,2,0,2
126040,10,0,0.0943,0,0.2927,0.1143,0.2477,0,0.1624,0.278,0.2256,0.198,10,1,2,0,2
126146,75,0,0,0,0,0,0.1335,0,0.7123,0.3741,1.6739,0,75,1,1,0,1
126549,3,90,0.0982,0,0.2549,0.1141,0.2003,0.1854,0.1351,0.2548,0.2127,0,3,1,3,0,2
127650,3,0,0.1018,0,0.8938,0.1724,0.2782,0.2173,0.2125,0.4239,0.4621,0.1705,3,1,3,0,3
129103,75,90,0.143,0.1645,200000,200000,0.3131,0.2856,0.6819,1.2309,0.7549,0.2104,75,1,1,0,1
129140,10,0,0.172,0,0.2901,0.1813,0.6942,0.2283,0.2121,0.8253,0.2673,0.2961,10,1,2,0,2
130678,10,0,0,0,0.2104,0,0.1523,0,0.1189,0.1797,0.1646,0,10,1,2,0,2
131064,3,1,0.1483,0.1619,1.3166,0.207,0.4918,0.2439,0.3323,0.6466,0.6506,0.191,3,1,3,0,3
132229,3,20,0.1598,0.1472,1.2646,0.1478,0.3589,0.1447,0.2665,0.6774,0.5875,0.2104,3,1,3,0,3
133741,10,20,0.0819,0,0.1997,0.0921,0.1657,0,0.1202,0.192,0.1631,0,10,1,2,0,2
134598,3,90,0.0881,0,0.4732,0.1239,0.1929,0,0.1904,0.257,0.2473,0,3,1,3,0,1
134947,10,0,0.1023,0,0.8695,0.1338,0.3538,0.1739,0.2176,0.4492,0.4208,0.2021,10,1,2,0,2
134976,2,90,0,0,0.2853,0.1002,0.1697,0,0.1463,0.2075,0.1923,0,2,1,1,0,2
135686,10,20,0.122,0,0.408,0.1267,0.2793,0.2037,0.1966,0.3358,0.2671,0.2313,10,1,2,0,2
136343,10,20,0.1026,0,0.5497,0.1533,0.3055,0.1308,0.202,0.4062,0.2582,0.2082,10,1,2,0,2
137192,2,20,0,0,0.3466,0.0999,0.1657,0,0.1661,0.2267,0.212,0,2,1,1,0,1
137681,2,0,0.0843,0,0.8551,0.0993,0.1716,0,0.2211,0.2921,0.2634,0,2,1,1,0,1
138480,10,0,0.1121,0,0.4481,0.1742,0.4111,0.1845,0.2121,0.4651,0.3458,0.2492,10,1,2,0,2
138501,10,20,0.0891,0.1414,0.476,0.1461,0.2063,0,0.1918,0.2577,0.2586,0,10,1,2,0,2
140149,3,20,0.1315,0,1.9963,0.152,0.2653,0.2442,0.4254,0.5556,0.6564,0.1839,3,1,3,0,1
140348,10,0,0.1049,0,0.4524,0.1565,0.2512,0,0.1943,0.2864,0.2874,0.1999,10,1,2,0,2
140922,10,0,0.0915,0,0.2874,0.1221,0.2229,0,0.1558,0.2486,0.2128,0.1466,10,1,2,0,2
141628,75,90,0.1701,0.1562,1.2791,0.3417,0.2802,0.2213,0.3293,0.3833,0.5111,0.1659,75,1,1,0,1
142818,10,0,0.0956,0,1.0397,0.1244,0.3801,0.2204,0.2205,0.5666,0.6787,0.251,10,1,2,0,2
143322,10,0,0.0838,0,0.1833,0.0904,0.168,0,0.109,0.1924,0.1567,0,10,1,2,0,2
143448,10,0,0.0986,0,0.2555,0.109,0.231,0,0.1501,0.2466,0.199,0.1925,10,1,2,0,2
143723,75,90,0.1306,0.1803,0.8437,0.2025,0.3163,0.2277,0.2941,0.3822,0.5544,0,75,1,1,0,3
143805,2,0,0.0851,0,1.164,0.1496,0.2098,0.1687,0.2281,0.3198,0.5353,0.146,2,1,1,0,1
143939,3,90,0.0968,0,0.3681,0.1267,0.2212,0,0.175,0.2516,0.2544,0,3,1,3,0,2
144627,2,1,0.1013,0.1562,1.0129,0.1615,0.2215,0.208,0.2675,0.3929,0.5505,0,2,1,1,0,1
145088,3,0,0.0969,0,0.3705,0.1158,0.215,0,0.1781,0.2695,0.2382,0.1463,3,1,3,0,2
146551,10,0,0.0822,0,0.1953,0.091,0.1794,0,0.1311,0.2122,0.18,0,10,1,2,0,2
147435,10,20,0.1088,0,0.6256,0.1386,0.3239,0,0.2223,0.4557,0.4061,0.2466,10,1,2,0,2
148093,3,0,0.1311,0,0.4776,0.1862,0.304,0,0.2065,0.3121,0.3185,0.1582,3,1,3,0,2
148207,3,5,0.1733,0.1757,1.6191,0.2336,0.7227,0.2291,0.4986,1.0225,0.7948,0.1811,3,1,3,0,3
148591,75,0,0.1791,0.2156,2.8872,0.4382,0.401,1.1174,1.0865,1.5714,1.7749,0.19,75,1,1,0,1
148795,2,90,0.0828,0,0.3266,0.104,0.1686,0,0.1678,0.2144,0.2154,0,2,1,1,0,1
148798,10,20,0.1046,0,0.2439,0.1601,0.4561,0.1539,0.1997,0.3953,0.2876,0.2382,10,1,2,0,2
149004,2,0,0.0811,0,0.4062,0.1044,0.1707,0,0.1757,0.2372,0.2172,0,2,1,1,0,1
149088,75,90,0.1874,0.2255,0,200000,0.2741,0.2973,0.2003,0.2947,0.2872,0.159,75,1,1,0,2
149409,10,0,0.2288,0.1737,0.5881,0.209,0.7448,0.2082,0.2927,0.9006,0.6487,0.355,10,1,2,0,2
149886,10,0,0.0806,0,0.2617,0.1063,0.1888,0,0.157,0.2227,0.2009,0,10,1,2,0,2
151770,10,0,0.1057,0,0.2765,0.1247,0.3029,0.1715,0.1897,0.3716,0.2518,0.2444,10,1,2,0,2
154337,10,0,0,0,0.1852,0.1015,0.1788,0,0.1484,0.2101,0.1813,0,10,1,2,0,2
154372,10,10,0.092,0,0.2065,0.159,0.5934,0,0.2046,0.6427,0.2775,0.3979,10,1,2,0,2
155277,10,0,0.0997,0,0.213,0.1561,0.4402,0.1791,0.1892,0.3675,0.2487,0.2326,10,1,2,0,2
155621,75,0,0.085,0.141,1.3668,0.1526,0.1972,0.1355,0.2305,0.2715,0.3016,0,75,1,1,0,1
156384,10,0,0.0894,0.172,0.4991,0.1576,0.1984,0.1824,0.2097,0.2527,0.2758,0.1588,10,1,2,0,1
156945,75,0,0.0901,0,0.8805,0.1099,0.2038,0,0.2052,0.2955,0.3386,0,75,1,1,0,1
157537,10,90,0.1006,0,0.202,0.1485,0.2602,0.2271,0.18,0.2878,0.2334,0.1765,10,1,2,0,2
158047,2,20,0.121,0,0.956,0.1724,0.3645,0.1713,0.5798,0.4439,0.5922,0.1687,2,1,1,0,1
159405,10,0,0.1075,0.1474,0.248,0.1507,0.2026,0.136,0.1731,0.2224,0.2275,0.1314,10,1,2,0,2
164072,2,0,0.0996,0,1.3967,0.1303,0.2435,0.2306,0.2572,0.4548,0.4569,0.1616,2,1,1,0,1
164437,2,0,0.122,0.1597,1.9907,0.1754,0.2689,0.3062,0.4935,0.697,0.8269,0.1602,2,1,1,0,1
166483,10,0,0.1574,0.1549,1.5518,0.1711,0.8405,0.2512,0.2216,0.6708,0.4782,0.243,10,1,2,0,2
169081,3,20,0.1115,0,0.309,0.1804,0.2407,0,0.2098,0.3297,0.2926,0,3,1,3,0,2
169291,70,20,0,0,0,0,0.124,0,0.1042,0.1755,0.1483,0,70,1,1,0,2
169475,10,0,0.0947,0,0.4081,0.1412,0.2421,0,0.1795,0.3215,0.2714,0.2012,10,1,2,0,2
169811,75,20,0.5988,0.2327,4.2107,200000,1.0777,0.281,0.9684,2.1826,1.9417,0.2136,75,1,1,0,1
170006,10,0,0,0,0.1883,0.0964,0.168,0,0.144,0.1996,0.1864,0,10,1,2,0,2
170069,3,0,0.1014,0,0.695,0.1872,0.2589,0,0.224,0.3041,0.3914,0,3,1,3,0,3
170365,2,0,0.1075,0,0.7866,0.1507,0.2104,0.1715,0.2225,0.3067,0.2921,0,2,1,1,0,1
171572,75,90,0,0,0.2547,0.0916,0.1557,0,0.1458,0.2047,0.1819,0,75,1,1,0,2
172814,2,20,0,0,0.1892,0.0916,0.1673,0,0.1058,0.1885,0.1642,0,2,1,1,0,2
173330,75,0,0,0.1575,0.6838,0.1062,0.1733,0.1442,0.1986,0.2607,0.2682,0,75,1,1,0,1
173632,70,90,0.2383,0.2376,2.5317,0.378,0.979,0.5064,0.7686,1.5318,1.3937,0.2286,70,1,1,0,1
174095,10,0,0.0941,0,0.285,0.1213,0.2134,0,0.1628,0.2454,0.2188,0,10,1,2,0,2
174442,2,20,0.1686,0.1755,1.9878,0.1901,0.2941,0.2836,0.5162,0.5027,0.9159,0.196,2,1,1,0,1
175336,3,90,0.149,0.1567,1.2051,0.1991,0.3764,0.2173,0.302,0.6061,0.5231,0.1849,3,1,3,0,3
175686,75,0,0,0,0.5575,0.0929,0.1425,0.179,0.1941,0.2371,0.2346,0,75,1,1,0,1
176177,3,90,0,0,0.2414,0.1072,0.175,0,0.148,0.2066,0.1861,0,3,1,3,0,2
176300,10,20,0.1099,0,0.3103,0.1557,0.2617,0.1939,0.2099,0.3147,0.2887,0.1708,10,1,2,0,2
176479,10,20,0,0,0.2963,0.1455,0.1867,0.214,0.2088,0.2486,0.2245,0.1744,10,1,2,0,1
176599,75,0,0.1034,0.1887,2.7828,0.1265,0.181,0.3958,0.4383,0.7612,0.5007,0,75,1,1,0,1
176870,3,20,0.0831,0,0.2629,0.1082,0.1878,0,0.157,0.2199,0.1949,0,3,1,3,0,2
177063,10,0,0.1123,0.1418,0.567,0.1603,0.2951,0.2146,0.2318,0.5476,0.3696,0.2233,10,1,2,0,2
177209,2,20,0.112,0.1617,0.8927,0.225,0.5053,0.1928,0.4918,0.4599,0.798,0.2025,2,1,1,0,1
178393,3,90,0.1578,0.1776,0.8859,0.2076,0.4516,0.2684,0.3133,0.7708,0.5261,0.1705,3,1,3,0,3
178474,10,20,0.1067,0.1599,1.0683,0.1752,0.2722,0.3263,0.3175,0.4897,0.5671,0.199,10,1,2,0,1
180045,10,0,0.1316,0.1539,0.6074,0,0.2717,0.1495,0.1834,0.305,0.2491,0,10,1,2,0,2
180100,10,0,0.0925,0,0.4402,0.1561,0.4007,0.146,0.1761,0.3132,0.2614,0.1984,10,1,2,0,2
180850,10,0,0.0847,0,0.272,0.095,0.2024,0,0.1335,0.2165,0.1895,0,10,1,2,0,2
181144,10,20,0.0945,0,0.2822,0.1562,0.2659,0.1926,0.1965,0.3226,0.2646,0.1948,10,1,2,0,2
181435,75,20,0.2248,0.1621,1.7106,0.292,0.4331,0.252,0.5908,0.7614,0.7913,0.1793,75,1,1,0,1
181570,3,1,0,0,0.2115,0,0.1509,0,0.1081,0.174,0.1518,0,3,1,3,0,2
181991,10,20,0.1312,0,0.5157,0.1766,0.2636,0.2309,0.2133,0.3159,0.3976,0.1773,10,1,2,0,2
182119,75,0,0.0851,0,0.501,0.1293,0.2217,0,0.2045,0.3205,0.2782,0,75,1,1,0,2
182424,10,0,0.0863,0,0.2402,0.0953,0.191,0,0.1096,0.212,0.1688,0,10,1,2,0,2
182730,2,20,0.1133,0.1449,1.1594,0.1622,0.2214,0.2382,0.2612,0.4142,0.5175,0,2,1,1,0,1
183235,3,20,0.1454,0,200000,0.1709,1.3405,0.2133,0.5497,0.9708,0.7931,0.2074,3,1,3,0,3
183681,10,20,0,0,0.1671,0.0969,0.1697,0,0.1403,0.2057,0.1619,0.15,10,1,2,0,2
183783,10,0,0.096,0,0,0.1091,0.2522,0,0.1717,0.3087,0.2234,0.1794,10,1,2,0,2
184298,2,0,0.1562,0.1682,1.8098,0.225,0.5877,0.2679,0.5499,1.012,0.8112,0.1898,2,1,1,0,1
184546,2,0,0.2014,0.1745,1.8969,0.1865,0.3759,0.2832,0.391,0.8156,0.9055,0.2126,2,1,1,0,1
185025,10,0,0.1191,0,0.7662,0.1241,0.3085,0,0.2035,0.3999,0.2988,0.1824,10,1,2,0,2
185115,2,20,0.0981,0.1415,0.7546,0.1503,0.2409,0.2417,0.2413,0.3783,0.4756,0.1498,2,1,1,0,1
186027,10,20,0.0895,0,0,0,0.1354,0,0.1196,0,0.1607,0,10,1,2,0,2
186853,75,0,0,0,0,0.1764,0.2493,0.163,0.5863,0.5365,0,0.1653,75,1,1,0,1
187427,2,0,0.1004,0,0.7844,0.1643,0.23,0,0.4514,0.3133,0.453,0,2,1,1,0,1
188163,70,0,0.1538,0.1791,1.6272,0.1766,0.2937,0.3288,0.3103,0.933,0.7707,0.1962,70,1,1,0,1
188433,3,0,0.1239,0,0.6556,0.1658,0.3437,0.1667,0.2278,0.4489,0.4255,0.1669,3,1,3,0,3
188602,3,0,0.0981,0,0.2397,0.1311,0.2358,0.1795,0.1887,0.2959,0.2507,0.14,3,1,3,0,3
188676,3,20,0.2007,0.2042,2.0619,0.5211,1.2808,0.2812,0.5809,1.2835,0.8474,0.2499,3,1,3,0,3
189230,10,1,0.121,0,0.2464,0.1685,0.2523,0.1785,0.202,0.2909,0.2708,0.1837,10,1,2,0,2
189384,3,0,0.1053,0,0.386,0.1713,0.261,0.2002,0.2168,0.3358,0.3514,0.1541,3,1,3,0,3
191065,75,0,0.1521,0.1721,1.6942,0.2083,0.4866,0.3059,0.6204,1.3016,0.8293,0.2403,75,1,1,0,1
191152,3,20,0.1443,0.1726,2.6862,0.2395,0.4894,0.3548,0.6343,1.1983,0.9686,0.1969,3,1,3,0,1
191283,2,90,0.1425,0.1713,1.3091,0.1203,0.2871,0.3052,0.3599,0.7635,0.4265,0.207,2,1,1,0,1
191946,3,20,0.128,0.1658,2.041,0.2078,0.2892,0.3519,0.5222,0.7474,0.6935,0.169,3,1,3,0,1
191998,3,1,0.0994,0,0.6673,0.1664,0.2458,0.1919,0.2269,0.3872,0.4107,0.1404,3,1,3,0,3
192217,70,0,0.0886,0,0.321,0.1401,0.2046,0,0.1625,0.2166,0.2292,0,70,1,1,0,2
193044,2,0,0.1268,0.1672,3.6152,0.1494,0.3169,0.2605,0.656,1.2145,0.8558,0.1528,2,1,1,0,1
193136,10,0,0,0.1603,0.2252,0.1568,0.2066,0.1731,0.2049,0.2566,0.2436,0.1834,10,1,2,0,1
